{"camera": {"state": {"right": {"y": 0.0, "x": 0.44365388, "z": -0.89619815}, "transform": {"position": {"y": 1.0, "x": 0.0, "z": 0.0}, "scale": {"y": 0.0, "x": 0.0, "z": 0.0}, "rotation": {"y": 0.0, "x": 0.0, "z": 0.0}}, "front": {"y": 0.069779, "x": -0.8940137, "z": -0.44257247}, "previous_x": 337.14285714285717, "previous_y": 160.57142857142858, "up": {"y": 0.9975625, "x": 0.06253582, "z": 0.030957729}, "pitch": -3.2114284, "world_up": {"y": 1.0, "x": 0.0, "z": 0.0}, "yaw": 6.742857}}, 
        "transforms": [
                {"position": {"y": -1.0, "x": 0.0, "z": 0.0}, "scale": {"y": 0.1, "x": 10.0, "z": 10.0}, "rotation": {"y": 0.0, "x": 0.0, "z": 0.0}}],
        "mesh_components": [
                {"mesh_name": "cube", "texture_name": "white"}
        ]}
